sample_id	other_file_measurement
1	55
5	84
6	12.56999999
7	35.0000001
2	46